segment_id,rate_of_penetration 
wellbore_chev_no_14_665,297.545486
wellbore_chev_no_14_681,122.5752182
wellbore_chev_no_14_682,127.3827599
wellbore_chev_no_14_683,108.9884138
wellbore_chev_no_14_684,132.8256548
wellbore_chev_no_14_685,96.81662909
wellbore_chev_no_14_686,97.57610634
wellbore_chev_no_14_687,62.95695432
wellbore_chev_no_14_688,68.85623598
wellbore_chev_no_14_689,66.53434855
wellbore_chev_no_14_690,98.07197001
wellbore_chev_no_14_691,92.83903223
wellbore_chev_no_14_692,76.48590938
wellbore_chev_no_14_693,89.92670976
wellbore_chev_no_14_694,90.66000301
wellbore_chev_no_14_695,88.17906992
wellbore_chev_no_14_696,116.8230617
wellbore_chev_no_14_697,129.1900959
wellbore_chev_no_14_698,102.297056
wellbore_chev_no_14_699,93.82481486
wellbore_chev_no_14_700,109.1027263
wellbore_chev_no_14_701,133.6484545
wellbore_chev_no_14_702,118.8665325
wellbore_chev_no_14_703,116.491614
wellbore_chev_no_14_704,98.71946838
wellbore_chev_no_14_705,113.0332072
wellbore_chev_no_14_706,112.8633699
wellbore_chev_no_14_707,110.746072
wellbore_chev_no_14_708,118.1032066
wellbore_chev_no_14_709,114.418793
wellbore_chev_no_14_710,122.8668078
wellbore_chev_no_14_711,150.7074987
wellbore_chev_no_14_712,137.380826
wellbore_chev_no_14_713,126.5361988
wellbore_chev_no_14_714,127.7274754
wellbore_chev_no_14_715,145.6680484
wellbore_chev_no_14_716,133.0875203
wellbore_chev_no_14_717,143.2712724
wellbore_chev_no_14_718,145.6366675
wellbore_chev_no_14_719,153.1571289
wellbore_chev_no_14_720,147.2739211
wellbore_chev_no_14_721,148.0760819
wellbore_chev_no_14_722,129.2145365
wellbore_chev_no_14_723,117.8365291
wellbore_chev_no_14_724,123.2340967
wellbore_chev_no_14_725,111.9844804
wellbore_chev_no_14_726,147.5660115
wellbore_chev_no_14_727,122.8259873
wellbore_chev_no_14_728,122.8259873
wellbore_chev_no_14_729,128.5841346
wellbore_chev_no_14_730,140.8628347
wellbore_chev_no_14_731,135.859315
wellbore_chev_no_14_732,105.5690456
wellbore_chev_no_14_733,102.9034287
wellbore_chev_no_14_734,124.9313889
wellbore_chev_no_14_735,117.0087305
wellbore_chev_no_14_736,87.71049883
wellbore_chev_no_14_737,120.5833983
wellbore_chev_no_14_738,120.6430895
wellbore_chev_no_14_739,116.5327638
wellbore_chev_no_14_740,101.8285326
wellbore_chev_no_14_741,100.6565808
wellbore_chev_no_14_742,105.0018639
wellbore_chev_no_14_743,100.5535284
wellbore_chev_no_14_744,96.81517414
wellbore_chev_no_14_745,98.08575201
wellbore_chev_no_14_746,93.54087606
wellbore_chev_no_14_747,102.9684729
wellbore_chev_no_14_748,103.1446541
wellbore_chev_no_14_749,98.12012477
wellbore_chev_no_14_750,100.4005913
wellbore_chev_no_14_751,86.1238255
wellbore_chev_no_14_752,88.005434
wellbore_chev_no_14_753,88.03912128
wellbore_chev_no_14_754,92.80918079
wellbore_chev_no_14_755,93.81412191
wellbore_chev_no_14_756,93.7853309
wellbore_chev_no_14_757,105.5825652
wellbore_chev_no_14_758,109.7470864
wellbore_chev_no_14_759,100.3074829
wellbore_chev_no_14_760,83.18852767
wellbore_chev_no_14_761,83.40343229
wellbore_chev_no_14_762,84.85437417
wellbore_chev_no_14_763,84.19006103
wellbore_chev_no_14_764,95.07967165
wellbore_chev_no_14_765,112.2840378
wellbore_chev_no_14_766,98.15863792
wellbore_chev_no_14_767,96.50228967
wellbore_chev_no_14_768,86.21656446
wellbore_chev_no_14_769,86.05564823
wellbore_chev_no_14_770,87.41752237
wellbore_chev_no_14_771,92.22870283
wellbore_chev_no_14_772,89.32851756
wellbore_chev_no_14_773,91.08005848
wellbore_chev_no_14_774,90.5641008
wellbore_chev_no_14_775,88.85163966
wellbore_chev_no_14_776,88.51488416
wellbore_chev_no_14_777,95.52651744
wellbore_chev_no_14_778,101.0860303
wellbore_chev_no_14_779,95.43157987
wellbore_chev_no_14_780,89.02890248
wellbore_chev_no_14_781,86.95574727
wellbore_chev_no_14_782,84.98900514
wellbore_chev_no_14_783,87.6805265
wellbore_chev_no_14_784,89.87746528
wellbore_chev_no_14_785,86.03490673
wellbore_chev_no_14_786,92.65501961
wellbore_chev_no_14_787,84.14296511
wellbore_chev_no_14_788,106.1487468
wellbore_chev_no_14_789,108.3483006
wellbore_chev_no_14_790,105.5698971
wellbore_chev_no_14_791,86.45053703
wellbore_chev_no_14_792,113.4343804
wellbore_chev_no_14_793,114.3970217
wellbore_chev_no_14_794,128.3278988
wellbore_chev_no_14_795,122.5736074
wellbore_chev_no_14_796,126.0214018
wellbore_chev_no_14_797,116.0674167
wellbore_chev_no_14_798,100.7968266
wellbore_chev_no_14_799,122.8315729
wellbore_chev_no_14_800,111.8242684
wellbore_chev_no_14_801,131.5431318
wellbore_chev_no_14_802,77.33169682
wellbore_chev_no_14_803,47.09898791
wellbore_chev_no_14_804,51.3707326
wellbore_chev_no_14_805,93.88126591
wellbore_chev_no_14_806,61.90032223
wellbore_chev_no_14_807,82.41353226
wellbore_chev_no_14_808,84.04689776
wellbore_chev_no_14_809,82.0299568
wellbore_chev_no_14_810,78.64329592
wellbore_chev_no_14_811,66.19057516
wellbore_chev_no_14_812,76.51760727
wellbore_chev_no_14_813,77.83719321
wellbore_chev_no_14_814,67.50446944
wellbore_chev_no_14_815,69.56826656
wellbore_chev_no_14_816,81.89378583
wellbore_chev_no_14_817,64.90997272
wellbore_chev_no_14_818,61.23728788
wellbore_chev_no_14_819,78.47955745
wellbore_chev_no_14_820,61.80841863
wellbore_chev_no_14_821,78.21680739
wellbore_chev_no_14_822,74.19557139
wellbore_chev_no_14_823,83.23387523
wellbore_chev_no_14_824,79.34759604
wellbore_chev_no_14_825,87.27227822
wellbore_chev_no_14_826,57.59770377
wellbore_chev_no_14_827,63.66158559
wellbore_chev_no_14_828,58.30076591
wellbore_chev_no_14_829,74.15357117
wellbore_chev_no_14_830,65.70612986
wellbore_chev_no_14_831,55.82969154
wellbore_chev_no_14_832,55.92124971
wellbore_chev_no_14_833,65.15601221
wellbore_chev_no_14_834,89.00587682
wellbore_chev_no_14_835,91.18986696
wellbore_chev_no_14_836,87.27257812
wellbore_chev_no_14_837,85.80500349
wellbore_chev_no_14_838,53.12558571
wellbore_chev_no_14_839,57.46548199
wellbore_chev_no_14_840,61.13845235
wellbore_chev_no_14_841,62.39145121
wellbore_chev_no_14_842,54.45090201
wellbore_chev_no_14_843,67.12712012
wellbore_chev_no_14_844,62.29041172
wellbore_chev_no_14_845,61.14675474
wellbore_chev_no_14_846,59.92439976
wellbore_chev_no_14_847,54.67043128
wellbore_chev_no_14_848,59.04148483
wellbore_chev_no_14_849,60.44440394
wellbore_chev_no_14_850,56.60835258
wellbore_chev_no_14_851,68.90191486
wellbore_chev_no_14_852,55.15636784
wellbore_chev_no_14_853,62.46563108
wellbore_chev_no_14_854,47.43593259
wellbore_chev_no_14_855,43.59557724
wellbore_chev_no_14_856,74.12794774
wellbore_chev_no_14_857,92.00908419
wellbore_chev_no_14_858,91.89964381
wellbore_chev_no_14_859,89.50304532
wellbore_chev_no_14_860,80.57348779
wellbore_chev_no_14_861,80.03934389
wellbore_chev_no_14_862,78.05234883
wellbore_chev_no_14_863,60.74736497
wellbore_chev_no_14_864,76.78855482
wellbore_chev_no_14_865,84.94021077
wellbore_chev_no_14_866,79.76177997
wellbore_chev_no_14_867,75.41451267
wellbore_chev_no_14_868,77.02883177
wellbore_chev_no_14_869,74.51827602
wellbore_chev_no_14_870,85.20918691
wellbore_chev_no_14_871,102.9008264
wellbore_chev_no_14_872,106.2631422
wellbore_chev_no_14_873,107.3170531
wellbore_chev_no_14_874,109.4111373
wellbore_chev_no_14_875,107.781418
wellbore_chev_no_14_876,111.0134217
wellbore_chev_no_14_877,111.0709806
wellbore_chev_no_14_878,105.0090914
wellbore_chev_no_14_879,105.4143566
wellbore_chev_no_14_880,81.88699499
wellbore_chev_no_14_881,97.89332169
wellbore_chev_no_14_882,97.99016463
wellbore_chev_no_14_883,84.64997209
wellbore_chev_no_14_884,95.35943406
wellbore_chev_no_14_885,60.88752154
wellbore_chev_no_14_886,102.6751526
wellbore_chev_no_14_887,89.4363943
wellbore_chev_no_14_888,92.32082771
wellbore_chev_no_14_889,90.71465501
wellbore_chev_no_14_890,100.2792882
wellbore_chev_no_14_891,87.48662409
wellbore_chev_no_14_892,97.13763488
wellbore_chev_no_14_893,70.49223374
wellbore_chev_no_14_894,117.3863816
wellbore_chev_no_14_895,114.8302442
wellbore_chev_no_14_896,114.4210529
wellbore_chev_no_14_897,96.59467748
wellbore_chev_no_14_898,117.7449782
wellbore_chev_no_14_899,113.7193223
wellbore_chev_no_14_900,115.6227149
wellbore_chev_no_14_901,73.71641635
wellbore_chev_no_14_902,86.17054376
wellbore_chev_no_14_903,90.9025664
wellbore_chev_no_14_904,86.79532706
wellbore_chev_no_14_905,89.35214962
wellbore_chev_no_14_906,87.3012268
wellbore_chev_no_14_907,68.22168584
wellbore_chev_no_14_908,69.47962004
wellbore_chev_no_14_909,71.12323519
wellbore_chev_no_14_910,74.41509857
wellbore_chev_no_14_911,75.75272145
wellbore_chev_no_14_912,72.06939873
wellbore_chev_no_14_913,75.54320826
wellbore_chev_no_14_914,79.62882316
wellbore_chev_no_14_915,81.16766726
wellbore_chev_no_14_916,76.08192093
wellbore_chev_no_14_917,81.32871745
wellbore_chev_no_14_918,82.40649216
wellbore_chev_no_14_919,82.13144429
wellbore_chev_no_14_920,81.6679572
wellbore_chev_no_14_921,80.11399088
wellbore_chev_no_14_922,79.16963071
wellbore_chev_no_14_923,81.78291686
wellbore_chev_no_14_924,90.59314974
wellbore_chev_no_14_925,90.57856227
wellbore_chev_no_14_926,81.55731864
wellbore_chev_no_14_927,79.11563572
wellbore_chev_no_14_928,75.52340165
wellbore_chev_no_14_929,81.96067517
wellbore_chev_no_14_930,81.60226772
wellbore_chev_no_14_931,80.80633797
wellbore_chev_no_14_932,69.02778648
wellbore_chev_no_14_933,73.77236272
wellbore_chev_no_14_934,75.55590451
wellbore_chev_no_14_935,78.39892181
wellbore_chev_no_14_936,70.57052292
wellbore_chev_no_14_937,73.57314498
wellbore_chev_no_14_938,71.15466481
wellbore_chev_no_14_939,68.73522572
wellbore_chev_no_14_940,68.5989151
wellbore_chev_no_14_941,66.81875272
wellbore_chev_no_14_942,67.80021518
wellbore_chev_no_14_943,72.63170542
wellbore_chev_no_14_944,66.96873874
wellbore_chev_no_14_945,67.10882684
wellbore_chev_no_14_946,66.87521088
wellbore_chev_no_14_947,65.94059707
wellbore_chev_no_14_948,65.98460197
wellbore_chev_no_14_949,67.09743203
wellbore_chev_no_14_950,67.77897627
wellbore_chev_no_14_951,66.96695953
wellbore_chev_no_14_952,67.15134976
wellbore_chev_no_14_953,66.81858816
wellbore_chev_no_14_954,66.03221806
wellbore_chev_no_14_955,63.89765434
wellbore_chev_no_14_956,74.23624657
wellbore_chev_no_14_957,68.6706745
wellbore_chev_no_14_958,67.93290287
wellbore_chev_no_14_959,66.71860484
wellbore_chev_no_14_960,67.51188141
wellbore_chev_no_14_961,68.985535
wellbore_chev_no_14_962,65.53257646
wellbore_chev_no_16_732,58.69784729
wellbore_chev_no_16_733,52.35742298
wellbore_chev_no_16_734,62.67703134
wellbore_chev_no_16_735,52.10400631
wellbore_chev_no_16_736,58.58565273
wellbore_chev_no_16_737,66.59445336
wellbore_chev_no_16_738,81.59699443
wellbore_chev_no_16_739,58.77635763
wellbore_chev_no_16_740,88.13915213
wellbore_chev_no_16_741,81.9228202
wellbore_chev_no_16_742,72.13790419
wellbore_chev_no_16_743,68.29904866
wellbore_chev_no_16_744,65.55240986
wellbore_chev_no_16_745,82.6274539
wellbore_chev_no_16_746,83.76852016
wellbore_chev_no_16_747,84.7047322
wellbore_chev_no_16_748,75.87487152
wellbore_chev_no_16_749,75.28646883
wellbore_chev_no_16_750,76.81170259
wellbore_chev_no_16_751,75.89301249
wellbore_chev_no_16_752,74.61553728
wellbore_chev_no_16_753,84.39109035
wellbore_chev_no_16_754,80.39342834
wellbore_chev_no_16_755,83.7770146
wellbore_chev_no_16_756,86.90546773
wellbore_chev_no_16_757,83.21614602
wellbore_chev_no_16_758,87.6758343
wellbore_chev_no_16_759,83.42686088
wellbore_chev_no_16_760,70.19482427
wellbore_chev_no_16_761,66.06718035
wellbore_chev_no_16_762,84.36213254
wellbore_chev_no_16_763,83.89448575
wellbore_chev_no_16_764,43.61880951
wellbore_chev_no_16_765,42.84197043
wellbore_chev_no_16_766,44.05408964
wellbore_chev_no_16_767,88.29702326
wellbore_chev_no_16_768,78.72650575
wellbore_chev_no_16_769,76.84505584
wellbore_chev_no_16_770,41.10774087
wellbore_chev_no_16_771,46.50172895
wellbore_chev_no_16_772,80.64931906
wellbore_chev_no_16_773,82.04588062
wellbore_chev_no_16_774,73.17823371
wellbore_chev_no_16_775,45.22482058
wellbore_chev_no_16_776,45.6516109
wellbore_chev_no_16_777,47.65939036
wellbore_chev_no_16_778,52.08823211
wellbore_chev_no_16_779,53.09358264
wellbore_chev_no_16_780,61.19330377
wellbore_chev_no_16_781,66.05785208
wellbore_chev_no_16_782,72.63649348
wellbore_chev_no_16_783,49.57960916
wellbore_chev_no_16_784,48.9781108
wellbore_chev_no_16_785,72.79980482
wellbore_chev_no_16_786,79.44194577
wellbore_chev_no_16_787,89.62433833
wellbore_chev_no_16_788,103.1141865
wellbore_chev_no_16_789,105.8486965
wellbore_chev_no_16_790,106.9681045
wellbore_chev_no_16_791,109.4448102
wellbore_chev_no_16_792,85.86096109
wellbore_chev_no_16_793,103.9243492
wellbore_chev_no_16_794,104.4859434
wellbore_chev_no_16_795,104.3817032
wellbore_chev_no_16_796,103.2951333
wellbore_chev_no_16_797,103.5291264
wellbore_chev_no_16_798,106.1942407
wellbore_chev_no_16_799,107.1273514
wellbore_chev_no_16_800,80.60279224
wellbore_chev_no_16_801,53.96410824
wellbore_chev_no_16_802,60.03893202
wellbore_chev_no_16_803,77.67968238
wellbore_chev_no_16_804,74.22487397
wellbore_chev_no_16_805,67.27409149
wellbore_chev_no_16_806,67.774793
wellbore_chev_no_16_807,68.26506224
wellbore_chev_no_16_808,77.85934199
wellbore_chev_no_16_809,77.1964981
wellbore_chev_no_16_810,56.91138556
wellbore_chev_no_16_811,60.54365388
wellbore_chev_no_16_812,59.3764848
wellbore_chev_no_16_813,57.35158568
wellbore_chev_no_16_814,57.26229647
wellbore_chev_no_16_815,58.71788197
wellbore_chev_no_16_816,77.22610029
wellbore_chev_no_16_817,75.61688515
wellbore_chev_no_16_818,76.80311148
wellbore_chev_no_16_819,92.37637499
wellbore_chev_no_16_820,51.83053442
wellbore_chev_no_16_821,60.27898761
wellbore_chev_no_16_822,52.34870232
wellbore_chev_no_16_823,52.0663196
wellbore_chev_no_16_824,52.57704305
wellbore_chev_no_16_825,66.15237093
wellbore_chev_no_16_826,59.41169106
wellbore_chev_no_16_827,53.78685872
wellbore_chev_no_16_828,60.20756873
wellbore_chev_no_16_829,58.52206025
wellbore_chev_no_16_830,67.25867053
wellbore_chev_no_16_831,63.0781748
wellbore_chev_no_16_832,57.71812652
wellbore_chev_no_16_833,62.15560705
wellbore_chev_no_16_834,61.6917302
wellbore_chev_no_16_835,52.93835893
wellbore_chev_no_16_836,65.65713001
wellbore_chev_no_16_837,54.46479835
wellbore_chev_no_16_838,54.43834524
wellbore_chev_no_16_839,58.95165844
wellbore_chev_no_16_840,58.86726709
wellbore_chev_no_16_841,65.12552577
wellbore_chev_no_16_842,59.56964448
wellbore_chev_no_16_843,59.11694871
wellbore_chev_no_16_844,56.24992393
wellbore_chev_no_16_845,57.2974131
wellbore_chev_no_16_846,63.67988823
wellbore_chev_no_16_847,56.26142426
wellbore_chev_no_16_848,53.47409668
wellbore_chev_no_16_849,54.18443696
wellbore_chev_no_16_850,51.85331556
wellbore_chev_no_16_851,59.26580802
wellbore_chev_no_16_852,48.43440344
wellbore_chev_no_16_853,59.5152328
wellbore_chev_no_16_854,59.5511499
wellbore_chev_no_16_855,49.87673718
wellbore_chev_no_16_856,48.73945791
wellbore_chev_no_16_857,52.28248571
wellbore_chev_no_16_858,52.23588354
wellbore_chev_no_19_158,182.2954825
wellbore_chev_no_19_159,169.34361
wellbore_chev_no_19_160,182.2379893
wellbore_chev_no_19_161,35.23029053
wellbore_chev_no_19_162,35.42090453
wellbore_chev_no_19_163,32.49976457
wellbore_chev_no_19_164,44.49096838
wellbore_chev_no_19_166,35.18732751
wellbore_chev_no_19_167,32.84595367
wellbore_chev_no_19_168,35.97804126
wellbore_chev_no_19_169,36.88856165
wellbore_chev_no_19_170,34.95855332
wellbore_chev_no_19_171,33.81321815
wellbore_chev_no_19_172,33.60486053
wellbore_chev_no_19_173,36.83156937
wellbore_chev_no_19_174,35.3695247
wellbore_chev_no_19_175,33.11825776
wellbore_chev_no_19_176,32.17181582
wellbore_chev_no_19_177,36.42601732
wellbore_chev_no_19_178,34.89014787
wellbore_chev_no_19_179,32.4664428
wellbore_chev_no_19_180,31.44066462
wellbore_chev_no_19_181,32.71316608
wellbore_chev_no_19_182,34.95855332
wellbore_chev_no_19_183,35.50025178
wellbore_chev_no_19_184,34.15600247
wellbore_chev_no_19_185,41.48945132
wellbore_chev_no_19_186,35.56013871
wellbore_chev_no_19_187,34.95855332
wellbore_chev_no_19_188,37.21933007
wellbore_chev_no_19_189,35.32656169
wellbore_chev_no_19_190,33.60486053
wellbore_chev_no_19_191,34.40910569
wellbore_chev_no_19_192,32.4664428
wellbore_chev_no_19_193,42.15158487
wellbore_chev_no_19_194,40.5318743
wellbore_chev_no_19_195,34.39406869
wellbore_chev_no_19_196,31.98702588
wellbore_chev_no_19_197,32.69746179
wellbore_chev_no_19_198,30.26397861
wellbore_chev_no_19_199,32.4664428
wellbore_chev_no_19_200,32.58907587
wellbore_chev_no_19_201,31.98702588
wellbore_chev_no_19_202,41.8132712
wellbore_chev_no_19_203,38.37710054
wellbore_chev_no_19_204,34.44008329
wellbore_chev_no_19_205,32.06250941
wellbore_chev_no_19_206,33.60486053
wellbore_chev_no_19_207,32.10166108
wellbore_chev_no_19_208,31.98702588
wellbore_chev_no_19_209,34.39666659
wellbore_chev_no_19_210,32.06250941
wellbore_chev_no_19_211,55.43450415
wellbore_chev_no_19_212,42.80581463
wellbore_chev_no_19_213,33.87951377
wellbore_chev_no_19_214,45.83787741
wellbore_chev_no_19_215,34.27986136
wellbore_chev_no_19_216,32.68685744
wellbore_chev_no_19_217,32.54713166
wellbore_chev_no_19_218,36.88563171
wellbore_chev_no_19_219,47.32972444
wellbore_chev_no_19_220,45.32389186
wellbore_chev_no_19_221,46.14351483
wellbore_chev_no_19_222,49.32901416
wellbore_chev_no_19_223,43.99439118
wellbore_chev_no_19_224,37.77961801
wellbore_chev_no_19_225,36.34268356
wellbore_chev_no_19_226,46.33199026
wellbore_chev_no_19_227,50.45191143
wellbore_chev_no_19_228,48.52409225
wellbore_chev_no_19_229,41.60021478
wellbore_chev_no_19_230,34.5784137
wellbore_chev_no_19_231,51.56660727
wellbore_chev_no_19_232,48.31138355
wellbore_chev_no_19_233,50.95213384
wellbore_chev_no_19_234,46.49643515
wellbore_chev_no_19_235,50.67676023
wellbore_chev_no_19_236,46.95268398
wellbore_chev_no_19_237,52.27690628
wellbore_chev_no_19_238,49.68080702
wellbore_chev_no_19_239,42.94254748
wellbore_chev_no_19_240,49.705346
wellbore_chev_no_19_241,34.4506549
wellbore_chev_no_19_242,39.52161675
wellbore_chev_no_19_243,34.10450402
wellbore_chev_no_19_244,32.65563251
wellbore_chev_no_19_245,49.72980273
wellbore_chev_no_19_246,46.54406211
wellbore_chev_no_19_247,56.113405
wellbore_chev_no_19_248,44.12251133
wellbore_chev_no_19_249,44.66892857
wellbore_chev_no_19_250,45.45858226
wellbore_chev_no_19_251,43.78602387
wellbore_chev_no_19_252,42.76080115
wellbore_chev_no_19_253,33.09795375
wellbore_chev_no_19_254,32.29254679
wellbore_chev_no_19_255,43.77336493
wellbore_chev_no_19_256,42.77228899
wellbore_chev_no_19_257,35.39838158
wellbore_chev_no_19_258,32.18539258
wellbore_chev_no_19_259,33.98641398
wellbore_chev_no_19_260,45.59439644
wellbore_chev_no_19_261,32.37292391
wellbore_chev_no_19_262,35.57938399
wellbore_chev_no_19_263,32.7200792
wellbore_chev_no_19_264,34.57851951
wellbore_chev_no_19_265,46.26306633
wellbore_chev_no_19_266,31.57290267
wellbore_chev_no_19_267,32.48568809
wellbore_chev_no_19_268,34.8969185
wellbore_chev_no_19_269,63.21820725
wellbore_chev_no_19_270,55.83142607
wellbore_chev_no_19_271,56.63103315
wellbore_chev_no_19_272,62.20510257
wellbore_chev_no_19_273,62.20510257
wellbore_chev_no_19_274,62.72160511
wellbore_chev_no_19_275,56.91955669
wellbore_chev_no_19_276,62.3324611
wellbore_chev_no_19_277,62.3324611
wellbore_chev_no_19_278,62.3324611
wellbore_chev_no_19_279,56.91955669
wellbore_chev_no_19_280,62.3324611
wellbore_chev_no_19_281,62.4432461
wellbore_chev_no_19_282,62.35758412
wellbore_chev_no_19_283,62.74672813
wellbore_chev_no_19_284,57.60250193
wellbore_chev_no_19_285,62.63880687
wellbore_chev_no_19_286,62.50096093
wellbore_chev_no_19_287,62.22161238
wellbore_chev_no_19_288,62.61075638
wellbore_chev_no_19_289,62.22161238
wellbore_chev_no_19_290,61.97394871
wellbore_chev_no_19_291,62.22522686
wellbore_chev_no_19_292,61.98771543
wellbore_chev_no_19_293,62.51557554
wellbore_chev_no_19_294,62.64254263
wellbore_chev_no_19_295,62.9450158
wellbore_chev_no_19_296,62.9450158
wellbore_chev_no_19_297,62.94856511
wellbore_chev_no_19_298,62.94856511
wellbore_chev_no_19_299,63.19622878
wellbore_chev_no_19_300,63.15609165
wellbore_chev_no_19_301,63.15609165
wellbore_chev_no_19_302,63.88544071
wellbore_chev_no_19_303,63.20839549
wellbore_chev_no_19_304,63.20839549
wellbore_chev_no_19_305,63.34720681
wellbore_chev_no_19_306,66.84604041
wellbore_chev_no_19_307,56.26522179
wellbore_chev_no_19_308,57.38927141
wellbore_chev_no_19_309,63.4579918
wellbore_chev_no_19_310,63.65053812
wellbore_chev_no_19_311,63.07115771
wellbore_chev_no_19_312,55.94077652
wellbore_chev_no_19_313,55.50129667
wellbore_chev_no_19_314,56.40784352
wellbore_chev_no_19_315,50.0239363
wellbore_chev_no_19_316,57.37889432
wellbore_chev_no_19_317,58.11019135
wellbore_chev_no_19_318,56.99970002
wellbore_chev_no_19_319,57.83793836
wellbore_chev_no_19_320,57.70134709
wellbore_chev_no_19_321,56.27702679
wellbore_chev_no_19_322,56.60036543
wellbore_chev_no_19_323,56.43390739
wellbore_chev_no_19_324,59.58125783
wellbore_chev_no_19_325,67.07858255
wellbore_chev_no_19_326,66.54585736
wellbore_chev_no_19_327,50.09097572
wellbore_chev_no_19_328,64.31157819
wellbore_chev_no_19_329,64.3397402
wellbore_chev_no_19_330,66.95569995
wellbore_chev_no_19_331,62.43942725
wellbore_chev_no_19_332,55.24079807
wellbore_chev_no_19_333,50.25909121
wellbore_chev_no_19_334,57.65992897
wellbore_chev_no_19_335,58.76021381
wellbore_chev_no_19_336,50.25347399
wellbore_chev_no_19_337,57.17798136
wellbore_chev_no_19_338,66.55962048
wellbore_chev_no_19_339,66.89696518
wellbore_chev_no_19_340,66.19611491
wellbore_chev_no_19_341,51.78253974
wellbore_chev_no_19_342,49.53720056
wellbore_chev_no_19_343,66.97244834
wellbore_chev_no_19_344,66.55962048
wellbore_chev_no_19_345,61.20166929
wellbore_chev_no_19_346,58.78730382
wellbore_chev_no_19_347,66.41488426
wellbore_chev_no_19_348,66.82771211
wellbore_chev_no_19_349,66.41488426
wellbore_chev_no_19_350,64.36778716
wellbore_chev_no_19_351,64.23016302
wellbore_chev_no_19_352,66.86301395
wellbore_chev_no_19_353,56.2113863
wellbore_chev_no_19_354,51.91895992
wellbore_chev_no_19_355,64.64654634
wellbore_chev_no_19_356,70.94752173
wellbore_chev_no_19_357,57.963065
wellbore_chev_no_19_358,58.2249879
wellbore_chev_no_19_359,50.98668041
wellbore_chev_no_19_360,50.54177151
wellbore_chev_no_19_361,58.36879499
wellbore_chev_no_19_362,51.65689143
wellbore_chev_no_19_363,61.67156165
wellbore_chev_no_19_364,64.50176838
wellbore_chev_no_19_365,67.50516429
wellbore_chev_no_19_366,57.80570071
wellbore_chev_no_19_367,54.96495227
wellbore_chev_no_19_368,55.08918037
wellbore_chev_no_19_369,57.4142109
wellbore_chev_no_19_370,57.58294246
wellbore_chev_no_19_371,57.95860807
wellbore_chev_no_19_372,58.12596692
wellbore_chev_no_19_373,50.96396876
wellbore_chev_no_19_374,59.7367998
wellbore_chev_no_19_375,58.99157045
wellbore_chev_no_19_376,59.97424287
wellbore_chev_no_19_377,53.18139877
wellbore_chev_no_19_378,52.55239883
wellbore_chev_no_19_379,59.58827121
wellbore_chev_no_19_380,56.83794073
wellbore_chev_no_19_381,53.75072313
wellbore_chev_no_19_382,53.05046138
wellbore_chev_no_19_383,58.480447
wellbore_chev_no_19_384,58.88104118
wellbore_chev_no_19_385,59.30337735
wellbore_chev_no_19_386,54.99761561
wellbore_chev_no_19_387,52.38608622
wellbore_chev_no_19_388,89.21736584
wellbore_chev_no_19_389,84.7369568
wellbore_chev_no_19_390,79.78921003
wellbore_chev_no_19_391,88.70287462
wellbore_chev_no_19_392,100.8819133
wellbore_chev_no_19_393,142.1880957
wellbore_chev_no_19_394,143.0603726
wellbore_chev_no_19_395,124.1702735
wellbore_chev_no_19_396,152.5659956
wellbore_chev_no_19_397,185.8944832
wellbore_chev_no_19_398,167.5781125
wellbore_chev_no_19_399,204.3047406
wellbore_chev_no_19_400,230.9992441
wellbore_chev_no_19_401,231.2103154
wellbore_chev_no_19_402,238.4382482
wellbore_chev_no_19_403,229.5042036
wellbore_chev_no_19_404,233.1388232
wellbore_chev_no_19_405,233.1388232
wellbore_chev_no_19_406,233.1388232
wellbore_chev_no_19_407,233.0317909
wellbore_chev_no_19_408,229.1304268
wellbore_chev_no_19_409,233.6986752
wellbore_chev_no_19_410,233.6986752
wellbore_chev_no_19_411,233.6986752
wellbore_chev_no_19_412,233.7523872
wellbore_chev_no_19_413,233.7300321
wellbore_chev_no_19_414,233.7300321
wellbore_chev_no_19_415,233.7300321
wellbore_chev_no_19_416,233.7300321
wellbore_chev_no_19_417,233.7300321
wellbore_chev_no_19_418,233.7300321
wellbore_chev_no_19_419,233.9527422
wellbore_chev_no_19_420,233.9527422
wellbore_chev_no_19_421,233.9409887
wellbore_chev_no_19_422,234.692763
wellbore_chev_no_19_423,236.7536688
wellbore_chev_no_19_424,248.4596596
wellbore_chev_no_19_425,248.4596596
wellbore_chev_no_19_426,243.6439079
wellbore_chev_no_19_427,250.1470373
wellbore_chev_no_19_428,257.5970905
wellbore_chev_no_19_429,257.6333391
wellbore_chev_no_19_430,257.6736528
wellbore_chev_no_19_431,252.5759734
wellbore_chev_no_19_432,252.5759734
wellbore_chev_no_19_433,252.7869905
wellbore_chev_no_19_434,252.7869905
wellbore_chev_no_19_435,252.7869905
wellbore_chev_no_19_436,252.7869905
wellbore_chev_no_19_437,252.7869905
wellbore_chev_no_19_438,252.7869905
wellbore_chev_no_19_439,259.0872525
wellbore_chev_no_19_440,252.7869905
wellbore_chev_no_19_441,252.7869905
wellbore_chev_no_19_442,252.7869905
wellbore_chev_no_19_443,252.3160258
wellbore_chev_no_19_444,258.7977845
wellbore_chev_no_19_445,252.3888832
wellbore_chev_no_19_446,252.3888832
wellbore_chev_no_19_447,252.3888832
wellbore_chev_no_19_448,256.6132525
wellbore_chev_no_19_449,252.5010257
wellbore_chev_no_19_450,252.4226314
wellbore_chev_no_19_451,252.4226314
wellbore_chev_no_19_452,251.9728932
wellbore_chev_no_19_453,251.9728932
wellbore_chev_no_19_454,251.9728932
wellbore_chev_no_19_455,251.9728932
wellbore_chev_no_19_456,251.9728932
wellbore_chev_no_19_457,259.6814792
wellbore_chev_no_19_458,251.9728932
wellbore_chev_no_19_459,251.6602407
wellbore_chev_no_19_460,251.6602407
wellbore_chev_no_19_461,251.6791955
wellbore_chev_no_19_462,251.6791955
wellbore_chev_no_19_463,251.7200282
wellbore_chev_no_19_464,251.7200282
wellbore_chev_no_19_465,251.7034672
wellbore_chev_no_19_466,256.8085834
wellbore_chev_no_19_467,251.2847514
wellbore_chev_no_19_468,251.2847514
wellbore_chev_no_19_469,251.2847514
wellbore_chev_no_19_470,257.5850134
wellbore_chev_no_19_471,251.2847514
wellbore_chev_no_19_472,251.2847514
wellbore_chev_no_19_473,251.2847514
wellbore_chev_no_19_474,251.2847514
wellbore_chev_no_19_475,251.2847514
wellbore_chev_no_19_476,251.1872714
wellbore_chev_no_19_477,251.1872714
wellbore_chev_no_19_478,251.1853554
wellbore_chev_no_19_479,247.9250095
wellbore_chev_no_19_480,251.0970057
wellbore_chev_no_19_481,251.1135682
wellbore_chev_no_19_482,251.5363917
wellbore_chev_no_19_483,251.5363917
wellbore_chev_no_19_484,251.5363917
wellbore_chev_no_19_485,251.4640373
wellbore_chev_no_19_486,251.4640373
wellbore_chev_no_19_487,251.2326593
wellbore_chev_no_19_488,253.4079169
wellbore_chev_no_19_489,251.883727
wellbore_chev_no_19_490,251.883727
wellbore_chev_no_19_491,251.883727
wellbore_chev_no_19_492,251.883727
wellbore_chev_no_19_493,251.883727
wellbore_chev_no_19_494,249.2889381
wellbore_chev_no_19_495,251.2245686
wellbore_chev_no_19_496,257.4122044
wellbore_chev_no_19_497,243.5462107
wellbore_chev_no_19_498,272.7095021
wellbore_chev_no_19_499,250.6455845
wellbore_chev_no_19_500,251.1010184
wellbore_chev_no_19_501,249.1260905
wellbore_chev_no_19_502,221.3482005
wellbore_chev_no_19_503,228.6109779
wellbore_chev_no_19_504,248.6494954
wellbore_chev_no_19_505,248.5034788
wellbore_chev_no_19_506,259.6866006
wellbore_chev_no_19_507,247.7866816
wellbore_chev_no_19_508,247.8179849
wellbore_chev_no_19_509,261.5442197
wellbore_chev_no_19_510,279.110977
wellbore_chev_no_19_511,309.1300976
wellbore_chev_no_19_512,320.2783491
wellbore_chev_no_19_513,324.0708332
wellbore_chev_no_19_514,323.4648847
wellbore_chev_no_19_515,326.8230414
wellbore_chev_no_19_516,326.7566907
wellbore_chev_no_19_517,324.0630046
wellbore_chev_no_19_518,317.3115858
wellbore_chev_no_19_519,339.855728
wellbore_chev_no_19_520,337.2212214
wellbore_chev_no_19_521,334.0372377
wellbore_chev_no_19_522,311.5490026
wellbore_chev_no_19_523,316.6037114
wellbore_chev_no_19_524,318.3029649
wellbore_chev_no_19_525,318.3950796
wellbore_chev_no_19_526,313.5318004
wellbore_chev_no_19_527,312.7482205
wellbore_chev_no_19_528,315.8301927
wellbore_chev_no_19_529,340.7562759
wellbore_chev_no_19_530,315.8741193
wellbore_chev_no_19_531,315.8741193
wellbore_chev_no_19_532,315.8741193
wellbore_chev_no_19_533,340.0694088
wellbore_chev_no_19_534,315.2932603
wellbore_chev_no_19_535,316.3637866
wellbore_chev_no_19_536,316.3637866
wellbore_chev_no_19_537,346.0883533
wellbore_chev_no_19_538,319.4493722
wellbore_chev_no_19_539,322.7910873
wellbore_chev_no_19_540,318.928211
wellbore_chev_no_19_541,306.9390102
wellbore_chev_no_19_542,306.9390102
wellbore_chev_no_19_543,318.8840948
wellbore_chev_no_19_544,306.7781728
wellbore_chev_no_19_545,306.7781728
wellbore_chev_no_19_546,248.8822697
wellbore_chev_no_19_547,264.083814
wellbore_chev_no_19_548,279.8425136
wellbore_chev_no_19_549,340.1653681
wellbore_chev_no_19_550,272.9237077
wellbore_chev_no_19_551,266.496507
wellbore_chev_no_19_552,340.1128455
wellbore_chev_no_19_553,308.675594
wellbore_chev_no_19_554,308.675594
wellbore_chev_no_19_555,267.6049911
wellbore_chev_no_19_556,337.5482566
wellbore_chev_no_19_557,306.1831098
wellbore_chev_no_19_558,304.7342985
wellbore_chev_no_19_559,303.0639966
wellbore_chev_no_19_560,332.7417113
wellbore_chev_no_19_561,299.9810381
wellbore_chev_no_19_562,284.0443568
wellbore_chev_no_19_563,283.8155527
wellbore_chev_no_19_564,220.7463919
wellbore_chev_no_19_565,268.5905246
wellbore_chev_no_19_566,274.5284781
wellbore_chev_no_19_567,253.9021653
wellbore_chev_no_19_568,228.3486013
wellbore_chev_no_19_569,235.7717379
wellbore_chev_no_19_570,232.0621158
wellbore_chev_no_19_571,232.235724
wellbore_chev_no_19_572,233.6713066
wellbore_chev_no_19_573,204.184529
wellbore_chev_no_19_574,214.8396139
wellbore_chev_no_19_575,225.2723094
wellbore_chev_no_19_576,231.3904011
wellbore_chev_no_19_577,206.4960811
wellbore_chev_no_19_578,234.3650154
wellbore_chev_no_19_579,239.102732
wellbore_chev_no_19_580,238.1682846
wellbore_chev_no_19_581,219.9729696
wellbore_chev_no_19_582,190.9818917
wellbore_chev_no_19_583,201.035598
wellbore_chev_no_19_584,197.6512331
wellbore_chev_no_19_585,203.9394684
wellbore_chev_no_19_586,195.7739592
wellbore_chev_no_19_587,226.6672547
wellbore_chev_no_19_588,217.5370303
wellbore_chev_no_19_589,211.9983196
wellbore_chev_no_19_590,226.7521748
wellbore_chev_no_19_591,224.5016164
wellbore_chev_no_19_592,213.3303468
wellbore_chev_no_19_593,214.0129231
wellbore_chev_no_19_594,209.4352916
wellbore_chev_no_19_595,223.8667048
wellbore_chev_no_19_596,215.4343663
wellbore_chev_no_19_597,208.5484501
wellbore_chev_no_19_598,224.7205026
wellbore_chev_no_19_599,226.2914343
wellbore_chev_no_19_600,212.8392822
wellbore_chev_no_19_601,215.7099588
wellbore_chev_no_19_602,216.9021335
wellbore_chev_no_19_603,211.9469948
wellbore_chev_no_19_604,218.1755587
wellbore_chev_no_19_605,208.6416124
wellbore_chev_no_19_606,212.7662119
wellbore_chev_no_19_607,224.1171002
wellbore_chev_no_19_608,213.313264
wellbore_chev_no_19_609,211.147242
wellbore_chev_no_19_610,218.4493257
wellbore_chev_no_19_611,209.4065573
wellbore_chev_no_19_612,225.5462762
wellbore_chev_no_19_613,223.1516241
wellbore_chev_no_19_614,224.0311715
wellbore_chev_no_19_615,217.4747267
wellbore_chev_no_19_616,217.1201539
wellbore_chev_no_19_617,221.9963018
wellbore_chev_no_19_618,221.69465
wellbore_chev_no_19_619,215.522299
wellbore_chev_no_19_620,212.5341062
wellbore_chev_no_19_621,209.4684892
wellbore_chev_no_19_622,222.7404039
wellbore_chev_no_19_623,215.6029361
wellbore_chev_no_19_624,209.3385763
wellbore_chev_no_19_625,216.433881
wellbore_chev_no_19_626,219.2823499
wellbore_chev_no_19_627,222.7452289
wellbore_chev_no_19_628,214.3245217
wellbore_chev_no_19_629,214.199869
wellbore_chev_no_19_630,220.2043093
wellbore_chev_no_19_631,214.4726313
wellbore_chev_no_19_632,212.6002325
wellbore_chev_no_19_633,208.0500917
wellbore_chev_no_19_634,208.0140078
wellbore_chev_no_19_635,220.6620757
wellbore_chev_no_19_636,213.8915685
wellbore_chev_no_19_637,211.8561465
wellbore_chev_no_19_638,208.4717966
wellbore_chev_no_19_639,211.536275
wellbore_chev_no_19_640,211.3475905
wellbore_chev_no_19_641,211.536275
wellbore_chev_no_19_642,215.0153532
wellbore_chev_no_19_643,197.7263465
wellbore_chev_no_19_644,73.61607906
wellbore_chev_no_19_645,77.76926247
wellbore_chev_no_19_646,74.45112321
wellbore_chev_no_19_647,106.4747898
wellbore_chev_no_19_648,106.8292382
wellbore_chev_no_19_649,92.35895881
wellbore_chev_no_19_650,66.53607956
wellbore_chev_no_19_651,62.19408072
wellbore_chev_no_19_652,47.85115043
wellbore_chev_no_19_653,63.91512662
wellbore_chev_no_19_654,55.77310651
wellbore_chev_no_19_655,53.2201685
wellbore_chev_no_19_656,58.83456425
wellbore_chev_no_19_657,72.12644831
wellbore_chev_no_19_658,56.16017547
wellbore_chev_no_19_659,59.45442666
wellbore_chev_no_19_660,72.6831639
wellbore_chev_no_19_661,54.24455497
wellbore_chev_no_19_662,53.70909474
wellbore_chev_no_19_663,53.78735166
wellbore_chev_no_19_664,49.7113509
wellbore_chev_no_19_665,53.88133916
wellbore_chev_no_19_666,55.29581364
wellbore_chev_no_19_667,55.7777955
wellbore_chev_no_19_668,55.06640327
wellbore_chev_no_19_669,57.51724387
wellbore_chev_no_19_670,60.2601051
wellbore_chev_no_19_671,61.36238724
wellbore_chev_no_19_672,54.56666096
wellbore_chev_no_19_673,61.23629158
wellbore_chev_no_19_674,67.82955734
wellbore_chev_no_19_675,58.22992918
wellbore_chev_no_19_676,55.20242668
wellbore_chev_no_19_677,59.07957423
wellbore_chev_no_19_678,41.32530968
wellbore_chev_no_19_679,73.89668421
wellbore_chev_no_19_680,74.04959671
wellbore_chev_no_19_681,75.53801947
wellbore_chev_no_19_682,58.94536199
wellbore_chev_no_19_683,116.1265656
wellbore_chev_no_19_684,145.4234353
wellbore_chev_no_19_685,142.0963584
wellbore_chev_no_19_686,114.015285
wellbore_chev_no_19_687,79.44996379
wellbore_chev_no_19_688,103.069405
wellbore_chev_no_19_689,114.1495886
wellbore_chev_no_19_690,117.0131019
wellbore_chev_no_19_691,111.7231958
wellbore_chev_no_19_692,122.121156
wellbore_chev_no_19_693,124.1953349
wellbore_chev_no_19_694,125.4306723
wellbore_chev_no_19_695,102.7324357
wellbore_chev_no_19_696,110.8733812
wellbore_chev_no_19_697,125.6659307
wellbore_chev_no_19_698,125.2508467
wellbore_chev_no_19_699,110.4564639
wellbore_chev_no_19_700,92.28745384
wellbore_chev_no_19_701,102.2809308
wellbore_chev_no_19_702,125.4814987
wellbore_chev_no_19_703,125.9287027
wellbore_chev_no_19_704,88.5649959
wellbore_chev_no_19_705,93.28816003
wellbore_chev_no_19_706,99.40005705
wellbore_chev_no_19_707,130.0982109
wellbore_chev_no_19_708,134.9884644
wellbore_chev_no_19_709,141.3927611
wellbore_chev_no_19_710,150.470892
wellbore_chev_no_19_711,147.6572814
wellbore_chev_no_19_712,125.2828272
wellbore_chev_no_19_713,143.0975661
wellbore_chev_no_19_714,137.9828072
wellbore_chev_no_19_715,132.3570012
wellbore_chev_no_19_716,141.4422846
wellbore_chev_no_19_717,129.7744871
wellbore_chev_no_19_718,142.9939017
wellbore_chev_no_19_719,144.112316
wellbore_chev_no_19_720,133.2589321
wellbore_chev_no_19_721,132.3062231
wellbore_chev_no_19_722,130.4648344
wellbore_chev_no_19_723,132.7454775
wellbore_chev_no_19_724,136.2656799
wellbore_chev_no_19_725,136.1971127
wellbore_chev_no_19_726,138.7723855
wellbore_chev_no_19_727,130.6685768
wellbore_chev_no_19_728,136.3480372
wellbore_chev_no_19_729,115.8243771
wellbore_chev_no_19_730,51.80821368
wellbore_chev_no_19_731,66.24595955
wellbore_chev_no_19_732,64.70122489
wellbore_chev_no_19_733,55.63163726
wellbore_chev_no_19_734,101.7180708
wellbore_chev_no_19_735,80.42832103
wellbore_chev_no_19_736,78.24722265
wellbore_chev_no_19_737,108.6957628
wellbore_chev_no_19_738,110.6621973
wellbore_chev_no_19_739,110.8962982
wellbore_chev_no_19_740,78.41427992
wellbore_chev_no_19_741,95.8666471
wellbore_chev_no_19_742,102.6240367
wellbore_chev_no_19_743,102.0191401
wellbore_chev_no_19_744,116.8607024
wellbore_chev_no_19_745,103.9520553
wellbore_chev_no_19_746,86.49935855
wellbore_chev_no_19_747,102.4628742
wellbore_chev_no_19_748,111.499891
wellbore_chev_no_19_749,70.46160992
wellbore_chev_no_19_750,51.42144359
wellbore_chev_no_19_751,63.83028445
wellbore_chev_no_19_752,77.63551382
wellbore_chev_no_19_753,67.6025842
wellbore_chev_no_19_754,91.63268655
wellbore_chev_no_19_755,95.32087005
wellbore_chev_no_19_756,109.887337
wellbore_chev_no_19_757,134.7871422
wellbore_chev_no_19_758,100.8667978
wellbore_chev_no_19_759,104.0751545
wellbore_chev_no_19_760,100.9403833
wellbore_chev_no_19_761,100.8348149
wellbore_chev_no_19_762,102.071969
wellbore_chev_no_19_763,94.63100068
wellbore_chev_no_19_764,94.99110483
wellbore_chev_no_19_765,105.2319581
wellbore_chev_no_19_766,97.8090337
wellbore_chev_no_19_767,45.70348454
wellbore_chev_no_19_768,88.80513583
wellbore_chev_no_19_769,92.99351138
wellbore_chev_no_19_770,94.14181561
wellbore_chev_no_19_771,86.73508508
wellbore_chev_no_19_772,94.85185778
wellbore_chev_no_19_773,91.54861296
wellbore_chev_no_19_774,50.67518263
wellbore_chev_no_19_775,51.51165039
wellbore_chev_no_19_776,47.39288419
wellbore_chev_no_19_777,57.29826438
wellbore_chev_no_19_778,66.37613044
wellbore_chev_no_19_779,69.03290153
wellbore_chev_no_19_780,48.42993018
wellbore_chev_no_19_781,61.37487383
wellbore_chev_no_19_782,76.92375057
wellbore_chev_no_19_783,76.61569803
wellbore_chev_no_19_784,70.36374342
wellbore_chev_no_19_785,55.27259622
wellbore_chev_no_19_786,51.06197535
wellbore_chev_no_19_787,73.72773991
wellbore_chev_no_19_788,73.74979567
wellbore_chev_no_19_789,71.54690424
wellbore_chev_no_19_790,61.03096907
wellbore_chev_no_19_791,62.97388901
wellbore_chev_no_19_792,73.60504789
wellbore_chev_no_19_793,65.4488067
wellbore_chev_no_19_794,58.26219203
wellbore_chev_no_19_795,61.08894764
wellbore_chev_no_19_796,62.22873182
wellbore_chev_no_19_797,56.16980701
wellbore_chev_no_19_798,62.25031685
wellbore_chev_no_19_799,82.72750888
wellbore_chev_no_19_800,90.65762821
wellbore_chev_no_19_801,92.96645136
wellbore_chev_no_19_802,52.70116636
wellbore_chev_no_19_803,57.06701855
wellbore_chev_no_19_804,54.68427897
wellbore_chev_no_19_805,53.7265497
wellbore_chev_no_19_806,54.60403459
wellbore_chev_no_19_807,54.40117918
wellbore_chev_no_19_808,52.69653375
wellbore_chev_no_19_809,53.50857087
wellbore_chev_no_19_810,47.00822467
wellbore_chev_no_19_811,56.22356147
wellbore_chev_no_19_812,57.75646376
wellbore_chev_no_19_813,56.10746854
wellbore_chev_no_19_814,59.44455621
wellbore_chev_no_19_815,58.19907632
wellbore_chev_no_19_816,59.0782545
wellbore_chev_no_19_817,59.08051505
wellbore_chev_no_7_277,36.06045466
wellbore_chev_no_7_278,34.42835097
wellbore_chev_no_7_279,32.5833672
wellbore_chev_no_7_280,56.22891364
wellbore_chev_no_7_281,32.45603632
wellbore_chev_no_7_282,37.39070272
wellbore_chev_no_7_283,46.4465066
wellbore_chev_no_7_284,45.75176957
wellbore_chev_no_7_285,57.15252978
wellbore_chev_no_7_286,52.03904591
wellbore_chev_no_7_287,58.3511717
wellbore_chev_no_7_288,55.83563766
wellbore_chev_no_7_289,55.92636407
wellbore_chev_no_7_290,55.71878067
wellbore_chev_no_7_291,56.36571134
wellbore_chev_no_7_292,56.20541494
wellbore_chev_no_7_293,55.38384513
wellbore_chev_no_7_294,56.2728402
wellbore_chev_no_7_295,52.4184645
wellbore_chev_no_7_296,60.37225963
wellbore_chev_no_7_297,62.38036555
wellbore_chev_no_7_298,61.52461609
wellbore_chev_no_7_299,64.19571099
wellbore_chev_no_7_300,49.72389241
wellbore_chev_no_7_301,50.58268727
wellbore_chev_no_7_302,50.77135065
wellbore_chev_no_7_303,49.20099096
wellbore_chev_no_7_304,51.43056279
wellbore_chev_no_7_305,56.74550754
wellbore_chev_no_7_306,50.05366766
wellbore_chev_no_7_307,57.79416606
wellbore_chev_no_7_308,49.81124464
wellbore_chev_no_7_309,49.61606716
wellbore_chev_no_7_310,44.50251838
wellbore_chev_no_7_311,45.08658855
wellbore_chev_no_7_312,44.78340491
wellbore_chev_no_7_313,54.18165574
wellbore_chev_no_7_314,54.36570178
wellbore_chev_no_7_315,50.61864902
wellbore_chev_no_7_316,50.81582283
wellbore_chev_no_7_317,51.91049564
wellbore_chev_no_7_318,54.18777728
wellbore_chev_no_7_319,54.18777728
wellbore_chev_no_7_320,54.37053561
wellbore_chev_no_7_321,56.42454711
wellbore_chev_no_7_322,46.02053378
wellbore_chev_no_7_323,47.41216424
wellbore_chev_no_7_324,48.61656752
wellbore_chev_no_7_325,47.41854412
wellbore_chev_no_7_326,49.00987943
wellbore_chev_no_7_327,48.78831537
wellbore_chev_no_7_328,49.10325397
wellbore_chev_no_7_329,50.31889509
wellbore_chev_no_7_330,58.22963309
wellbore_chev_no_7_331,52.54471957
wellbore_chev_no_7_332,52.54796881
wellbore_chev_no_7_333,52.52261444
wellbore_chev_no_7_334,58.59883409
wellbore_chev_no_7_335,53.00553318
wellbore_chev_no_7_336,58.18014026
wellbore_chev_no_7_337,56.66835775
wellbore_chev_no_7_338,55.36503273
wellbore_chev_no_7_339,56.02606178
wellbore_chev_no_7_340,55.98099438
wellbore_chev_no_7_341,52.39917117
wellbore_chev_no_7_342,60.41100082
wellbore_chev_no_7_343,54.9111093
wellbore_chev_no_7_344,53.7525868
wellbore_chev_no_7_345,61.19687073
wellbore_chev_no_7_346,62.66562606
wellbore_chev_no_7_347,66.18028738
wellbore_chev_no_7_348,57.83480774
wellbore_chev_no_7_349,61.4810028
wellbore_chev_no_7_350,67.83231999
wellbore_chev_no_7_354,45.29860726
wellbore_chev_no_7_355,46.16235321
wellbore_chev_no_7_356,42.60756813
wellbore_chev_no_7_357,35.31985376
wellbore_chev_no_7_358,31.97494823
wellbore_chev_no_7_359,61.82304472
wellbore_chev_no_7_360,49.1503476
wellbore_chev_no_7_361,56.78238601
wellbore_chev_no_7_362,67.79978135
wellbore_chev_no_7_363,58.88623831
wellbore_chev_no_7_364,63.33248189
wellbore_chev_no_7_365,67.59551345
wellbore_chev_no_7_366,58.03773856
wellbore_chev_no_7_367,58.16219562
wellbore_chev_no_7_368,58.14464431
wellbore_chev_no_7_369,59.26308185
wellbore_chev_no_7_370,55.29565006
wellbore_chev_no_7_371,54.65831352
wellbore_chev_no_7_372,55.20877514
wellbore_chev_no_7_373,55.977352
wellbore_chev_no_7_374,66.2951638
wellbore_chev_no_7_375,65.82803641
wellbore_chev_no_7_376,65.00221943
wellbore_chev_no_7_377,64.95576702
wellbore_chev_no_7_378,65.82803641
wellbore_chev_no_7_379,64.70560431
wellbore_chev_no_7_380,64.43525507
wellbore_chev_no_7_381,63.31973494
wellbore_chev_no_7_382,63.07801097
wellbore_chev_no_7_383,63.07801097
wellbore_chev_no_7_390,64.4212723
wellbore_chev_no_7_391,65.129215
wellbore_chev_no_7_392,60.61136295
wellbore_chev_no_7_393,67.08407956
wellbore_chev_no_7_394,64.55236547
wellbore_chev_no_7_395,58.69441459
wellbore_chev_no_7_396,57.72896854
wellbore_chev_no_7_397,57.81627927
wellbore_chev_no_7_398,56.67622492
wellbore_chev_no_7_399,56.68665639
wellbore_chev_no_7_400,56.68665639
wellbore_chev_no_7_401,59.16417465
wellbore_chev_no_7_402,57.92766211
wellbore_chev_no_7_403,58.1921377
wellbore_chev_no_7_404,59.53006865
wellbore_chev_no_7_405,59.47516313
wellbore_chev_no_7_406,60.36332505
wellbore_chev_no_7_407,59.61519513
wellbore_chev_no_7_408,60.55257739
wellbore_chev_no_7_409,62.10673913
wellbore_chev_no_7_410,63.22673355
wellbore_chev_no_7_411,63.24281239
wellbore_chev_no_7_412,63.14740346
wellbore_chev_no_7_413,63.14740346
wellbore_chev_no_7_414,63.6974669
wellbore_chev_no_7_415,63.20969792
wellbore_chev_no_7_416,63.06334982
wellbore_chev_no_7_417,66.76970684
wellbore_chev_no_7_418,65.85009147
wellbore_chev_no_7_419,66.45622385
wellbore_chev_no_7_420,66.60439594
wellbore_chev_no_7_421,66.52350515
wellbore_chev_no_7_422,64.50341766
wellbore_chev_no_7_423,66.09923101
wellbore_chev_no_7_424,110.9140063
wellbore_chev_no_7_425,109.4194921
wellbore_chev_no_7_426,84.64736436
wellbore_chev_no_7_427,85.4332471
wellbore_chev_no_7_428,80.13901868
wellbore_chev_no_7_429,86.94600335
wellbore_chev_no_7_430,88.8653544
wellbore_chev_no_7_431,89.59298543
wellbore_chev_no_7_432,78.74470843
wellbore_chev_no_7_433,81.98496218
wellbore_chev_no_7_434,83.32075967
wellbore_chev_no_7_435,85.48421367
wellbore_chev_no_7_436,80.34320354
wellbore_chev_no_7_437,83.55938137
wellbore_chev_no_7_438,88.69348072
wellbore_chev_no_7_439,90.49576957
wellbore_chev_no_7_440,99.42388978
wellbore_chev_no_7_441,111.4098558
wellbore_chev_no_7_442,121.630699
wellbore_chev_no_7_443,122.2331745
wellbore_chev_no_7_444,109.1749047
wellbore_chev_no_7_445,105.2204746
wellbore_chev_no_7_446,106.6523393
wellbore_chev_no_7_447,104.7046522
wellbore_chev_no_7_448,115.4845329
wellbore_chev_no_7_449,113.7628946
wellbore_chev_no_7_450,117.9037419
wellbore_chev_no_7_451,126.5213595
wellbore_chev_no_7_452,126.5213595
wellbore_chev_no_7_453,115.8722342
wellbore_chev_no_7_454,113.9143181
wellbore_chev_no_7_455,114.978368
wellbore_chev_no_7_456,115.1175458
wellbore_chev_no_7_457,115.2057875
wellbore_chev_no_7_458,115.2288512
wellbore_chev_no_7_459,111.5048148
wellbore_chev_no_7_460,112.95581
wellbore_chev_no_7_461,118.3490199
wellbore_chev_no_7_462,114.1936193
wellbore_chev_no_7_463,123.5288866
wellbore_chev_no_7_464,109.3459198
wellbore_chev_no_7_465,105.8485224
wellbore_chev_no_7_466,109.4906724
wellbore_chev_no_7_467,109.9485649
wellbore_chev_no_7_468,107.6016431
wellbore_chev_no_7_469,107.847211
wellbore_chev_no_7_470,108.2027373
wellbore_chev_no_7_471,108.3316806
wellbore_chev_no_7_472,108.0060037
wellbore_chev_no_7_473,108.2447623
wellbore_chev_no_7_474,107.1014425
wellbore_chev_no_7_475,106.8767743
wellbore_chev_no_7_476,109.0022891
wellbore_chev_no_7_477,107.8111131
wellbore_chev_no_7_478,108.4719257
wellbore_chev_no_7_479,109.3632956
wellbore_chev_no_7_480,108.2275149
wellbore_chev_no_7_481,108.2275149
wellbore_chev_no_7_483,132.6378141
wellbore_chev_no_7_484,123.3845873
wellbore_chev_no_7_485,129.8527228
wellbore_chev_no_7_486,124.1310294
wellbore_chev_no_7_487,124.6518816
wellbore_chev_no_7_488,103.9583804
wellbore_chev_no_7_489,109.1265514
wellbore_chev_no_7_490,121.2397887
wellbore_chev_no_7_491,118.1477898
wellbore_chev_no_7_492,120.2370263
wellbore_chev_no_7_493,121.5048528
wellbore_chev_no_7_494,117.9854834
wellbore_chev_no_7_495,121.6184467
wellbore_chev_no_7_496,121.9595847
wellbore_chev_no_7_497,121.9913564
wellbore_chev_no_7_498,123.586878
wellbore_chev_no_7_499,119.4901805
wellbore_chev_no_7_500,113.8390738
wellbore_chev_no_7_501,134.9805014
wellbore_chev_no_7_502,134.938252
wellbore_chev_no_7_503,131.967336
wellbore_chev_no_7_504,132.5093215
wellbore_chev_no_7_505,132.2980227
wellbore_chev_no_7_506,130.1030707
wellbore_chev_no_7_507,118.3195096
wellbore_chev_no_7_508,121.1023683
wellbore_chev_no_7_509,122.3413681
wellbore_chev_no_7_510,123.519357
wellbore_chev_no_7_511,121.613759
wellbore_chev_no_7_512,115.4794714
wellbore_chev_no_7_513,117.8233512
wellbore_chev_no_7_514,113.0728794
wellbore_chev_no_7_515,113.0897916
wellbore_chev_no_7_516,113.4027707
wellbore_chev_no_7_517,113.6247946
wellbore_chev_no_7_518,111.3876434
wellbore_chev_no_7_519,107.0593705
wellbore_chev_no_7_520,102.3283594
wellbore_chev_no_7_521,104.0655784
wellbore_chev_no_7_522,110.8108336
wellbore_chev_no_7_523,108.0359025
wellbore_chev_no_7_524,109.7701786
wellbore_chev_no_7_525,104.2870722
wellbore_chev_no_7_526,111.9283867
wellbore_chev_no_7_527,111.488082
wellbore_chev_no_7_528,105.3041409
wellbore_chev_no_7_529,109.8402194
wellbore_chev_no_7_530,88.00517129
wellbore_chev_no_7_531,73.03521499
wellbore_chev_no_7_532,72.85043605
wellbore_chev_no_7_533,72.34294071
wellbore_chev_no_7_534,75.76141711
wellbore_chev_no_7_535,71.67573932
wellbore_chev_no_7_536,76.13736118
wellbore_chev_no_7_537,73.78621764
wellbore_chev_no_7_538,75.97543583
wellbore_chev_no_7_539,75.92845963
wellbore_chev_no_7_540,75.44950798
wellbore_chev_no_7_541,75.31368037
wellbore_chev_no_7_542,71.55250812
wellbore_chev_no_7_543,74.18053437
wellbore_chev_no_7_544,74.96001092
wellbore_chev_no_7_545,75.80250126
wellbore_chev_no_7_546,76.20609153
wellbore_chev_no_7_547,77.19671278
wellbore_chev_no_7_548,77.91768994
wellbore_chev_no_7_549,72.79765814
wellbore_chev_no_7_550,59.18542283
wellbore_chev_no_7_551,66.82779144
wellbore_chev_no_7_552,80.83282317
wellbore_chev_no_7_553,66.80041817
wellbore_chev_no_7_554,75.51718943
wellbore_chev_no_7_555,75.76847312
wellbore_chev_no_7_556,75.51718943
wellbore_chev_no_7_557,68.49177697
wellbore_chev_no_7_558,74.93674119
wellbore_chev_no_7_559,74.20011038
wellbore_chev_no_7_560,76.26703334
wellbore_chev_no_7_561,78.71427655
wellbore_chev_no_7_562,83.97663719
wellbore_chev_no_7_563,82.46133871
wellbore_chev_no_7_564,82.31532071
wellbore_chev_no_7_565,72.29177839
wellbore_chev_no_7_566,80.09897629
wellbore_chev_no_7_567,76.57491605
wellbore_chev_no_7_568,76.5658397
wellbore_chev_no_7_569,76.61491069
wellbore_chev_no_7_570,80.30523328
wellbore_chev_no_7_571,79.70833803
wellbore_chev_no_7_572,79.86766842
wellbore_chev_no_7_573,80.41145646
wellbore_chev_no_7_574,78.43511283
wellbore_chev_no_7_575,84.84121383
wellbore_chev_no_7_576,88.28365964
wellbore_chev_no_7_577,88.03343072
wellbore_chev_no_7_578,88.99606142
wellbore_chev_no_7_579,86.26680384
wellbore_chev_no_7_580,87.78362184
wellbore_chev_no_7_581,90.09401789
wellbore_chev_no_7_582,92.60584586
wellbore_chev_no_7_583,90.40831888
wellbore_chev_no_7_584,96.37958895
wellbore_chev_no_7_585,95.92009097
wellbore_chev_no_7_586,95.7256524
wellbore_chev_no_7_587,94.2238102
wellbore_chev_no_7_588,82.48414162
wellbore_chev_no_7_589,96.20747675
wellbore_chev_no_7_590,107.486004
wellbore_chev_no_7_591,113.2605067
wellbore_chev_no_7_592,110.1893742
wellbore_chev_no_7_593,105.7994612
wellbore_chev_no_7_594,106.1370776
wellbore_chev_no_7_595,104.807452
wellbore_chev_no_7_596,104.6621774
wellbore_chev_no_7_597,94.41794324
wellbore_chev_no_7_598,91.89173465
wellbore_chev_no_7_599,93.47706331
wellbore_chev_no_7_600,92.87974877
wellbore_chev_no_7_601,90.51614924
wellbore_chev_no_7_602,96.27657454
wellbore_chev_no_7_603,95.19625403
wellbore_chev_no_7_604,96.47054375
wellbore_chev_no_7_605,96.23496433
wellbore_chev_no_7_606,92.36860012
wellbore_chev_no_7_607,87.51465095
wellbore_chev_no_7_608,87.51715804
wellbore_chev_no_7_609,86.90358382
wellbore_chev_no_7_610,94.74742904
wellbore_chev_no_7_611,86.85240053
wellbore_chev_no_7_612,86.98980692
wellbore_chev_no_7_613,87.37585061
wellbore_chev_no_7_614,89.27111797
wellbore_chev_no_7_615,95.55526045
wellbore_chev_no_7_616,91.99174395
wellbore_chev_no_7_617,92.48287269
wellbore_chev_no_7_618,91.71520458
wellbore_chev_no_7_619,91.18306874
wellbore_chev_no_7_620,91.83565027
wellbore_chev_no_7_621,91.91126396
wellbore_chev_no_7_622,96.89920777
wellbore_chev_no_7_623,88.82100598
wellbore_chev_no_7_624,87.83408631
wellbore_chev_no_7_625,97.88167726
wellbore_chev_no_7_626,97.03773359
wellbore_chev_no_7_627,96.91719198
wellbore_chev_no_7_628,88.54134761
wellbore_chev_no_7_629,94.70437031
wellbore_chev_no_7_630,94.70437031
wellbore_chev_no_7_631,92.94354599
wellbore_chev_no_7_632,84.81361065
wellbore_chev_no_7_633,93.49822827
wellbore_chev_no_7_634,93.13800832
wellbore_chev_no_7_635,93.13896584
wellbore_chev_no_7_636,93.82853076
wellbore_chev_no_7_637,88.99408513
wellbore_chev_no_7_638,94.1164158
wellbore_chev_no_7_639,93.00916689
wellbore_chev_no_7_640,92.24149879
wellbore_chev_no_7_641,86.7332987
wellbore_chev_no_7_642,95.39738504
wellbore_chev_no_7_643,94.89916548
wellbore_chev_no_7_644,95.04903923
wellbore_chev_no_7_645,93.41276031
wellbore_chev_no_7_646,98.25195043
wellbore_chev_no_7_647,94.71362523
wellbore_chev_no_7_648,88.83046057
wellbore_chev_no_7_649,72.1166208
wellbore_chev_no_7_650,69.55171859
wellbore_chev_no_7_651,72.16282542
wellbore_chev_no_7_652,69.72441888
wellbore_chev_no_7_653,62.52343886
wellbore_chev_no_7_654,67.43660456
wellbore_chev_no_7_655,70.2305368
wellbore_chev_no_7_656,78.19713838
wellbore_chev_no_7_657,73.01827427
wellbore_chev_no_7_658,74.64321518
wellbore_chev_no_7_659,76.34086284
wellbore_chev_no_7_660,62.75207275
wellbore_chev_no_7_661,64.69487087
wellbore_chev_no_7_662,65.3767013
wellbore_chev_no_7_663,74.83455809
wellbore_chev_no_7_664,79.67234924
wellbore_chev_no_7_665,97.33259634
wellbore_chev_no_7_666,107.5563447
wellbore_chev_no_7_667,105.9517396
wellbore_chev_no_7_668,87.5820178
wellbore_chev_no_7_669,75.02494984
wellbore_chev_no_7_670,84.39655856
wellbore_chev_no_7_671,86.67462647
wellbore_chev_no_7_672,54.51196725
wellbore_chev_no_7_673,55.58238238
wellbore_chev_no_7_674,53.57313626
wellbore_chev_no_7_675,59.91396205
wellbore_chev_no_7_676,86.93547211
wellbore_chev_no_7_677,72.90755191
wellbore_chev_no_7_678,129.6439595
wellbore_chev_no_7_679,94.36980792
wellbore_chev_no_7_680,60.60133655
wellbore_chev_no_7_681,53.3183291
wellbore_chev_no_7_682,55.9941246
wellbore_chev_no_7_683,123.3728022
wellbore_chev_no_7_684,122.3021184
wellbore_chev_no_7_685,93.60295438
wellbore_chev_no_7_686,113.2653444
wellbore_chev_no_7_687,121.3977088
wellbore_chev_no_7_688,116.5651337
wellbore_chev_no_7_689,118.4594818
wellbore_chev_no_7_690,117.7648206
wellbore_chev_no_7_691,118.1207733
wellbore_chev_no_7_692,115.5630411
wellbore_chev_no_7_693,118.5716157
wellbore_chev_no_7_694,111.9823259
wellbore_chev_no_7_695,115.5669496
wellbore_chev_no_7_696,119.6584296
wellbore_chev_no_7_697,117.4164994
wellbore_chev_no_7_698,109.3052722
wellbore_chev_no_7_699,83.29705958
wellbore_chev_no_7_700,93.8333918
wellbore_chev_no_7_701,95.40924944
wellbore_chev_no_7_702,113.5230272
wellbore_chev_no_7_703,120.8644301
wellbore_chev_no_7_704,123.6109462
wellbore_chev_no_7_705,119.6043215
wellbore_chev_no_7_706,125.184146
wellbore_chev_no_7_707,129.447036
wellbore_chev_no_7_708,138.2169506
wellbore_chev_no_7_709,134.2378728
wellbore_chev_no_7_710,133.8328927
wellbore_chev_no_7_711,130.769848
wellbore_chev_no_7_712,126.6665633
wellbore_chev_no_7_713,120.5651243
wellbore_chev_no_7_714,121.4926566
wellbore_chev_no_7_715,121.8189879
wellbore_chev_no_7_716,120.1479775
wellbore_chev_no_7_717,120.8308708
wellbore_chev_no_7_718,120.7465736
wellbore_chev_no_7_719,120.8805721
wellbore_chev_no_7_720,120.4899688
wellbore_chev_no_7_721,122.6241483
wellbore_chev_no_7_722,120.1126543
wellbore_chev_no_7_723,119.335959
wellbore_chev_no_7_724,117.7136996
wellbore_chev_no_7_725,117.1403615
wellbore_chev_no_7_726,124.39288
wellbore_chev_no_7_727,141.1272119
wellbore_chev_no_7_728,139.640631
wellbore_chev_no_7_729,122.0013868
wellbore_chev_no_7_730,115.2848295
wellbore_chev_no_7_731,111.2407564
wellbore_chev_no_7_732,112.6272958
wellbore_chev_no_7_733,110.3617288
wellbore_chev_no_7_734,107.0848378
wellbore_chev_no_7_735,106.3793286
wellbore_chev_no_7_736,106.8053978
wellbore_chev_no_7_737,106.2327077
wellbore_chev_no_7_738,103.0443457
wellbore_chev_no_7_739,95.57980473
wellbore_chev_no_7_740,89.75419542
wellbore_chev_no_7_741,92.21976531
wellbore_chev_no_7_742,85.41842309
wellbore_chev_no_7_743,84.47743358
wellbore_chev_no_7_744,81.18693877
wellbore_chev_no_7_745,82.65058631
wellbore_chev_no_7_746,84.7486528
wellbore_chev_no_7_747,83.14333609
wellbore_chev_no_7_748,84.31853719
wellbore_chev_no_7_749,87.11576535
wellbore_chev_no_7_750,82.32383885
wellbore_chev_no_7_751,95.12062208
wellbore_chev_no_7_752,110.0742525
wellbore_chev_no_7_753,114.7809992
wellbore_chev_no_7_754,110.347374
wellbore_chev_no_7_755,90.32324205
wellbore_chev_no_7_756,107.9303186
wellbore_chev_no_7_757,90.61901083
wellbore_chev_no_7_758,96.16209404
wellbore_chev_no_7_759,86.41686979
wellbore_chev_no_7_760,86.73533969
wellbore_chev_no_7_761,88.51018069
wellbore_chev_no_7_762,85.90430769
wellbore_chev_no_7_763,86.50158332
wellbore_chev_no_7_764,89.49507285
wellbore_chev_no_7_765,90.54017859
wellbore_chev_no_7_766,87.46675095
wellbore_chev_no_7_767,83.93931621
wellbore_chev_no_7_768,86.2502388
wellbore_chev_no_7_769,85.60218424
wellbore_chev_no_7_770,82.83547044
wellbore_chev_no_7_771,84.3983506
wellbore_chev_no_7_772,81.72736405
wellbore_chev_no_7_773,75.9054691
wellbore_chev_no_7_774,80.38943579
wellbore_chev_no_7_775,78.67232776
wellbore_chev_no_7_776,78.06846523
wellbore_chev_no_7_777,77.67176663
wellbore_chev_no_7_778,77.42120673
wellbore_chev_no_7_779,76.68012071
wellbore_chev_no_7_780,80.16235819
wellbore_chev_no_7_781,77.7297314
wellbore_chev_no_7_782,77.50627689
wellbore_chev_no_7_783,96.87298646
wellbore_chev_no_7_784,106.006599